Region,Year of Period End,Property Type,Region Type,Seasonally Adjusted,State Code,Avg Sale To List,Avg Sale To List Mom,Avg Sale To List Yoy,Homes Sold,Homes Sold Mom,Homes Sold Yoy,Inventory,Inventory Mom,Inventory Yoy,Median Dom,Median Dom Mom,Median Dom Yoy,Median Sale Price,Median Sale Price Mom,Median Sale Price Yoy,New Listings,New Listings Mom,New Listings Yoy
"Winston-Salem, NC metro area",2022,Single Family Residential,Metro,False,NC,1.010459130,0.7%,2.1%,533,-17.0%,-11.5%,1013,-0.5%,-22.7%,30,-3,-4,$263K,1.0%,21.9%,639,8.7%,-2.0%
"Winston-Salem, NC metro area",2022,Single Family Residential,Metro,False,NC,1.022002852,0.2%,1.4%,768,-0.3%,-1.5%,1205,5.1%,-13.0%,24,-2,-4,$283K,3.7%,23.0%,983,-0.9%,-0.5%
"Greensboro, NC metro area",2023,Single Family Residential,Metro,False,NC,1.002657183,-0.5%,-2.4%,701,9.5%,-22.6%,1034,-7.2%,-24.4%,26,0,5,$295K,-1.5%,0.0%,696,-11.0%,-35.9%
"Greensboro, NC metro area",2023,Single Family Residential,Metro,False,NC,0.995440412,-0.5%,-0.4%,671,6.7%,-16.0%,1135,6.6%,-18.6%,28,2,2,$295K,-1.3%,1.7%,755,11.4%,-7.0%
"Durham, NC",2022,Single Family Residential,Place/City,False,NC,1.029818437,-0.2%,2.5%,206,-35.2%,1.0%,297,-7.5%,-25.4%,40,5,-10,$375K,-9.7%,21.8%,218,17.8%,0.0%
"Durham, NC",2022,Single Family Residential,Place/City,False,NC,1.080441815,2.2%,3.6%,296,9.6%,-10.0%,388,16.9%,-4.7%,27,-6,-8,$430K,5.5%,26.8%,374,4.5%,11.3%
"Greensboro, NC",2023,Single Family Residential,Place/City,False,NC,1.014239990,0.2%,-0.1%,215,-12.2%,-27.4%,321,1.6%,-27.5%,24,-1,3,$303K,2.5%,-0.9%,221,-10.5%,-32.2%
"Wilmington, NC",2023,Single Family Residential,Place/City,False,NC,0.983294301,-1.4%,-0.5%,109,-12.1%,-15.5%,224,10.9%,31.8%,13,3,-8,$475K,1.6%,18.7%,139,-1.4%,25.2%
"Wilmington, NC metro area",2022,Single Family Residential,Metro,False,NC,0.983655825,-0.2%,-1.2%,370,-5.1%,-32.0%,656,-10.0%,-33.5%,23,5,-40,$435K,4.8%,22.5%,241,-28.3%,-23.0%
"Charlotte, NC metro area",2022,Single Family Residential,Metro,False,NC,0.977405614,-0.4%,-3.2%,2426,-2.9%,-34.9%,6239,-11.0%,47.6%,54,6,20,$395K,-2.5%,6.0%,1652,-27.6%,-26.2%
"Wilmington, NC metro area",2023,Single Family Residential,Metro,False,NC,0.986705679,0.3%,-1.2%,256,-30.8%,-31.0%,623,-5.0%,-28.7%,20,-3,-46,$399K,-8.2%,7.0%,336,39.4%,-9.7%
"Raleigh, NC",2022,Single Family Residential,Place/City,False,NC,1.067518182,-1.7%,2.5%,430,8.6%,-8.5%,525,8.5%,-8.2%,22,1,-12,$473K,-2.6%,14.2%,467,-8.4%,5.7%
"Raleigh, NC",2022,Single Family Residential,Place/City,False,NC,0.988330593,-0.4%,-5.3%,280,-13.6%,-38.9%,778,-0.9%,24.3%,43,4,11,$430K,0.0%,5.8%,319,-11.9%,-33.4%
"Concord, NC",2022,Single Family Residential,Place/City,False,NC,0.980296048,-0.8%,-4.0%,95,-41.0%,-31.2%,288,6.3%,31.5%,42,7,10,$363K,-3.3%,11.5%,119,-6.3%,-28.7%
"Raleigh, NC",2022,Single Family Residential,Place/City,False,NC,0.980509792,-0.6%,-5.7%,256,0.8%,-39.0%,618,-14.5%,70.2%,56,8,22,$410K,-13.0%,-3.6%,154,-31.9%,-30.3%
"Charlotte, NC",2022,Single Family Residential,Place/City,False,NC,0.979093939,-0.3%,-3.5%,547,-6.2%,-40.5%,1407,-12.7%,43.3%,49,5,17,$400K,-2.4%,3.9%,377,-34.3%,-35.6%
"Durham, NC",2023,Single Family Residential,Place/City,False,NC,1.001214667,0.8%,1.6%,179,9.8%,-5.8%,299,-33.0%,-44.2%,39,3,-3,$425K,0.0%,3.7%,125,-42.9%,-28.6%
"Durham, NC metro area",2022,Single Family Residential,Metro,False,NC,1.071041932,2.4%,3.7%,658,6.1%,-12.0%,924,11.2%,-27.8%,27,-6,-10,$461K,4.7%,24.3%,789,0.1%,-10.2%
"Greensboro, NC metro area",2022,Single Family Residential,Metro,False,NC,1.026450675,-0.9%,0.6%,906,15.6%,-5.8%,1367,13.7%,1.8%,21,0,-3,$295K,5.1%,17.6%,1086,5.1%,0.4%
"Charlotte, NC",2022,Single Family Residential,Place/City,False,NC,0.996305815,-2.1%,-3.2%,855,3.5%,-23.2%,1729,1.1%,12.2%,34,9,7,$408K,-4.1%,12.3%,927,-13.0%,-10.9%
"High Point, NC",2023,Single Family Residential,Place/City,False,NC,0.988100996,0.1%,0.5%,101,-19.2%,-30.3%,192,9.7%,-23.5%,30,3,2,$256K,-8.7%,-11.7%,121,12.0%,-16.6%
"Wilmington, NC",2022,Single Family Residential,Place/City,False,NC,0.997155766,-0.6%,-0.5%,150,0.7%,-19.8%,183,-11.2%,-54.6%,12,2,-43,$425K,0.0%,13.3%,125,-26.0%,-24.2%
"Durham, NC",2022,Single Family Residential,Place/City,False,NC,1.007257145,-0.9%,-4.1%,251,-0.4%,-18.5%,595,-0.2%,29.1%,36,2,4,$419K,-2.8%,9.0%,254,-23.3%,-22.1%
"Winston-Salem, NC",2023,Single Family Residential,Place/City,False,NC,1.003881517,-0.7%,-2.3%,217,-29.5%,-26.2%,355,-2.7%,-29.7%,26,-1,3,$299K,2.4%,5.6%,223,-14.9%,-33.8%
"Charlotte, NC",2023,Single Family Residential,Place/City,False,NC,0.991941008,-0.1%,1.0%,504,-11.9%,-13.6%,1294,-0.9%,-19.7%,39,3,-5,$420K,-1.2%,2.4%,558,-19.0%,-2.8%
"Charlotte, NC metro area",2022,Single Family Residential,Metro,False,NC,0.982320152,-0.6%,-3.0%,2824,-17.0%,-19.2%,7349,-0.3%,25.2%,44,5,10,$400K,-0.7%,12.0%,2860,-11.1%,-25.6%
"Greensboro, NC",2022,Single Family Residential,Place/City,False,NC,1.043933517,0.8%,2.8%,270,2.3%,-9.1%,327,16.4%,-7.6%,18,-2,-5,$300K,9.1%,30.4%,337,7.7%,-10.4%
"Concord, NC",2022,Single Family Residential,Place/City,False,NC,0.999098644,-0.9%,-3.3%,169,17.4%,-19.9%,289,-4.3%,14.7%,32,5,4,$410K,1.2%,17.8%,162,-23.6%,-19.4%
"Cary, NC",2022,Single Family Residential,Place/City,False,NC,0.997766564,-1.1%,-5.0%,109,-7.6%,-42.6%,239,-10.2%,-5.2%,42,2,12,$647K,6.9%,12.3%,105,-23.4%,-34.0%
"Charlotte, NC",2022,Single Family Residential,Place/City,False,NC,0.982090143,0.0%,-3.7%,583,-12.5%,-41.2%,1612,-6.0%,38.4%,44,4,11,$410K,-1.0%,11.9%,574,-20.5%,-23.4%
"Raleigh, NC",2023,Single Family Residential,Place/City,False,NC,0.966828683,-1.4%,-6.5%,201,-21.5%,-25.3%,563,-8.9%,69.1%,72,16,37,$440K,7.3%,3.5%,195,26.6%,-30.6%
"Greensboro, NC",2023,Single Family Residential,Place/City,False,NC,0.988712791,-0.8%,-4.7%,207,28.6%,-21.6%,303,-0.3%,7.8%,30,-7,10,$268K,9.2%,-2.7%,224,23.1%,-28.4%
"Durham, NC metro area",2022,Single Family Residential,Metro,False,NC,1.032094643,-2.8%,-2.1%,655,-11.0%,-19.8%,1358,17.9%,7.9%,29,2,-5,$469K,-6.2%,9.8%,788,-15.7%,-2.6%
"Wilmington, NC metro area",2022,Single Family Residential,Metro,False,NC,0.996014239,-1.2%,-1.0%,459,-0.9%,-24.1%,749,0.0%,-50.8%,13,3,-42,$420K,0.0%,17.3%,487,-7.8%,-16.0%
"Greensboro, NC metro area",2023,Single Family Residential,Metro,False,NC,0.984970708,1.3%,-2.7%,493,9.6%,-21.1%,1048,-10.1%,14.9%,46,2,20,$265K,1.9%,1.1%,513,-2.3%,-19.3%
"Wilmington, NC",2022,Single Family Residential,Place/City,False,NC,0.997547621,0.2%,1.9%,112,-26.8%,-9.7%,234,-11.0%,-49.0%,63,6,4,$402K,8.7%,33.9%,122,29.8%,-15.9%
"Winston-Salem, NC",2022,Single Family Residential,Place/City,False,NC,1.020478072,0.6%,3.1%,194,-14.9%,-17.1%,322,5.2%,-22.0%,26,-6,-4,$239K,-1.7%,13.4%,266,14.2%,18.2%
"Greensboro, NC",2022,Single Family Residential,Place/City,False,NC,1.035658729,1.0%,3.6%,264,24.5%,-19.5%,281,17.1%,-7.9%,20,-2,-5,$275K,10.0%,20.6%,313,39.1%,5.4%
"High Point, NC",2023,Single Family Residential,Place/City,False,NC,0.974166435,0.3%,-3.6%,91,-2.2%,-23.5%,192,-9.9%,27.2%,38,5,8,$288K,-5.6%,15.2%,92,-17.9%,-17.1%
"Winston-Salem, NC metro area",2023,Single Family Residential,Metro,False,NC,0.998566141,-0.4%,-1.8%,655,-15.0%,-16.7%,1235,-2.6%,-20.7%,31,2,6,$303K,3.7%,4.5%,684,-13.0%,-24.8%
"Winston-Salem, NC",2022,Single Family Residential,Place/City,False,NC,1.033478234,-0.3%,0.8%,407,16.3%,-1.9%,476,11.5%,5.8%,22,0,-4,$290K,0.9%,22.4%,380,-4.8%,-5.0%
"Durham, NC",2022,Single Family Residential,Place/City,False,NC,1.015931951,-2.3%,-3.7%,252,-9.0%,-22.5%,596,8.4%,33.6%,34,8,3,$431K,-0.9%,9.1%,331,-2.6%,6.1%
"Raleigh, NC",2023,Single Family Residential,Place/City,False,NC,0.992011214,0.8%,-7.6%,325,50.5%,-13.3%,547,4.6%,34.7%,47,-7,22,$423K,2.3%,-10.1%,336,32.8%,-25.5%
"Wilmington, NC metro area",2022,Single Family Residential,Metro,False,NC,0.995024208,-0.1%,-0.5%,394,-14.2%,-25.5%,737,-1.6%,-49.6%,14,1,-38,$405K,-3.6%,17.2%,386,-20.7%,-28.4%
"Winston-Salem, NC metro area",2023,Single Family Residential,Metro,False,NC,0.992382386,-0.3%,-0.2%,612,-19.5%,-22.7%,1368,4.9%,-10.6%,31,0,3,$300K,1.0%,9.1%,753,-1.1%,-7.2%
"Concord, NC",2023,Single Family Residential,Place/City,False,NC,0.990070394,1.3%,-3.7%,99,-16.1%,-45.0%,202,5.2%,32.0%,45,-19,21,$350K,-5.5%,-9.2%,112,-5.1%,-30.0%
"Winston-Salem, NC",2023,Single Family Residential,Place/City,False,NC,1.010819691,0.8%,-2.3%,308,8.8%,-24.3%,365,-2.4%,-23.3%,27,1,5,$292K,0.5%,0.5%,262,-6.1%,-31.1%
"Wilmington, NC",2023,Single Family Residential,Place/City,False,NC,0.995526930,1.2%,0.4%,115,5.5%,-3.4%,233,4.0%,27.3%,17,4,-4,$495K,4.2%,7.3%,119,-14.4%,0.8%
"Charlotte, NC metro area",2023,Single Family Residential,Metro,False,NC,0.988425544,-0.5%,0.0%,2518,-15.6%,-26.0%,6275,4.7%,-14.9%,40,3,1,$400K,-3.6%,-0.7%,3033,-6.3%,-5.7%
"Greensboro, NC metro area",2023,Single Family Residential,Metro,False,NC,0.983307844,-0.1%,0.3%,517,-7.3%,-8.8%,1202,-6.8%,3.3%,36,5,1,$284K,-1.7%,2.3%,441,-28.6%,28.6%
"Raleigh, NC",2022,Single Family Residential,Place/City,False,NC,1.030872181,-2.0%,-3.1%,326,-27.4%,-29.7%,748,21.8%,22.8%,32,8,0,$488K,-0.8%,16.3%,461,-12.4%,-8.2%
"Winston-Salem, NC",2023,Single Family Residential,Place/City,False,NC,0.997886354,-0.6%,-0.5%,257,18.4%,-17.9%,380,7.0%,-21.6%,29,3,3,$279K,-6.7%,-0.9%,268,20.2%,-19.0%
"Wilmington, NC",2022,Single Family Residential,Place/City,False,NC,1.018043283,-0.2%,1.2%,145,1.4%,-27.9%,188,22.9%,-57.4%,7,-3,-44,$478K,6.8%,28.2%,194,5.4%,8.4%
"Charlotte, NC",2022,Single Family Residential,Place/City,False,NC,1.030778505,-1.2%,0.1%,1025,2.9%,-9.5%,1416,26.7%,-6.5%,21,0,-7,$440K,3.0%,17.0%,1181,17.4%,-4.1%
"Durham, NC metro area",2023,Single Family Residential,Metro,False,NC,0.997744849,-0.3%,-0.8%,460,-14.3%,-18.6%,1115,4.7%,-23.9%,40,2,4,$472K,-0.6%,11.1%,542,-0.4%,-5.2%
"Concord, NC",2022,Single Family Residential,Place/City,False,NC,0.983251874,0.0%,-3.9%,89,8.5%,-49.1%,254,-5.2%,46.0%,42,-12,14,$353K,-3.3%,-4.6%,76,-10.6%,-32.7%
"Durham, NC",2023,Single Family Residential,Place/City,False,NC,1.022699862,1.4%,-6.8%,258,19.4%,-26.5%,456,7.0%,14.0%,34,-6,10,$432K,2.8%,-4.1%,275,19.0%,-21.0%
"Wilmington, NC",2023,Single Family Residential,Place/City,False,NC,0.982845573,-1.3%,-0.5%,94,-18.3%,-14.5%,254,9.0%,36.6%,18,1,5,$472K,-4.7%,6.6%,116,-2.5%,18.4%
"Durham, NC metro area",2023,Single Family Residential,Metro,False,NC,1.009224347,-0.6%,-5.1%,682,5.7%,-7.3%,1104,-4.7%,-4.2%,40,6,13,$510K,3.0%,2.0%,621,-3.9%,-33.6%
"Charlotte, NC metro area",2023,Single Family Residential,Metro,False,NC,0.995084847,-0.3%,-1.3%,2655,-19.9%,-20.8%,5824,0.9%,-19.9%,37,1,8,$420K,-0.9%,2.4%,3026,-9.6%,-29.3%
"Greensboro, NC",2022,Single Family Residential,Place/City,False,NC,1.048429140,0.4%,3.4%,259,-4.1%,-22.5%,382,16.8%,7.6%,19,1,-2,$299K,-0.3%,24.6%,376,11.6%,4.4%
"Wilmington, NC",2022,Single Family Residential,Place/City,False,NC,1.003601810,-1.4%,0.3%,149,2.8%,-10.2%,206,9.6%,-53.5%,10,3,-45,$425K,-11.0%,13.3%,169,-12.9%,-7.7%
"Winston-Salem, NC",2022,Single Family Residential,Place/City,False,NC,0.983673290,-1.0%,-3.0%,228,-10.2%,-28.1%,463,-8.3%,8.7%,30,4,1,$275K,0.0%,14.6%,198,-22.0%,-26.1%
"Durham, NC",2023,Single Family Residential,Place/City,False,NC,0.994119784,-0.9%,-1.3%,183,-20.4%,-27.1%,416,4.3%,-30.1%,39,3,3,$420K,-5.6%,0.2%,214,-7.0%,-15.7%
"Wilmington, NC",2022,Single Family Residential,Place/City,False,NC,0.975157859,-1.3%,-2.1%,104,-5.5%,-32.0%,169,-9.1%,-35.7%,21,8,-36,$437K,-1.3%,18.1%,69,-29.6%,-26.6%
"Charlotte, NC metro area",2022,Single Family Residential,Metro,False,NC,1.008267326,-1.4%,-1.4%,3351,-18.4%,-18.5%,7269,17.9%,13.6%,29,4,-3,$410K,-4.0%,16.8%,4282,-5.4%,-8.8%
"High Point, NC",2022,Single Family Residential,Place/City,False,NC,0.969842497,-1.8%,-3.0%,104,-7.1%,-35.4%,207,-10.8%,12.5%,44,14,16,$260K,-10.3%,8.3%,70,-25.5%,-39.1%
"Concord, NC",2023,Single Family Residential,Place/City,False,NC,0.972344471,-1.1%,-5.0%,64,-28.1%,-50.8%,230,-9.4%,52.3%,58,16,25,$392K,10.9%,15.1%,72,-5.3%,-32.7%
"Durham, NC",2023,Single Family Residential,Place/City,False,NC,0.992862437,1.7%,-4.3%,197,23.9%,-5.7%,443,1.8%,48.2%,64,9,35,$395K,2.6%,-3.2%,196,14.6%,-7.5%
"Wilmington, NC",2023,Single Family Residential,Place/City,False,NC,0.986846277,-0.7%,-1.7%,112,-15.8%,-24.8%,180,-6.3%,-12.6%,21,10,11,$479K,-1.2%,12.8%,129,-11.6%,-23.7%
"Concord, NC",2023,Single Family Residential,Place/City,False,NC,0.994158663,1.2%,1.4%,85,3.7%,-10.5%,219,9.0%,-24.0%,43,4,1,$400K,15.3%,10.3%,114,8.6%,-4.2%
"Charlotte, NC metro area",2022,Single Family Residential,Metro,False,NC,1.021247168,0.9%,1.6%,3599,26.1%,-6.0%,3656,3.4%,-32.9%,29,-4,-6,$392K,3.0%,20.2%,3277,31.7%,-19.6%
"Charlotte, NC metro area",2023,Single Family Residential,Metro,False,NC,0.991311861,0.7%,-4.0%,2747,-8.3%,-21.8%,5756,-1.1%,34.3%,41,-13,16,$395K,0.5%,-2.9%,3068,-11.1%,-19.0%
"Durham, NC metro area",2023,Single Family Residential,Metro,False,NC,0.992355493,-0.5%,-0.3%,398,-13.5%,-19.3%,1139,2.2%,-21.0%,39,-1,-7,$435K,-7.9%,3.1%,483,-10.9%,-6.6%
"Durham, NC metro area",2023,Single Family Residential,Metro,False,NC,0.996365284,0.4%,0.8%,413,3.8%,-11.4%,842,-26.1%,-36.8%,42,3,-1,$475K,9.2%,5.6%,332,-31.3%,-9.3%
"Greensboro, NC metro area",2022,Single Family Residential,Metro,False,NC,1.016846531,0.5%,2.1%,767,22.7%,-12.3%,994,9.0%,-15.3%,24,-2,-6,$270K,3.1%,17.4%,874,37.4%,-0.1%
"Wilmington, NC metro area",2022,Single Family Residential,Metro,False,NC,1.013247840,-0.6%,0.6%,507,-4.5%,-22.8%,677,24.4%,-55.7%,7,-1,-46,$429K,4.6%,20.8%,600,-3.1%,2.2%
"Durham, NC metro area",2023,Single Family Residential,Metro,False,NC,0.984949351,-0.2%,-3.6%,336,-23.1%,-33.3%,1135,-1.0%,47.6%,59,5,20,$415K,-3.5%,-2.4%,386,25.3%,-17.0%
"Raleigh, NC metro area",2023,Single Family Residential,Metro,False,NC,1.002092585,0.0%,-3.6%,1695,2.1%,-23.0%,3257,0.4%,-8.8%,42,-1,13,$476K,0.3%,3.2%,1775,10.7%,-31.9%
"Wilmington, NC metro area",2023,Single Family Residential,Metro,False,NC,0.983470046,-0.1%,-0.8%,358,2.3%,2.3%,808,5.3%,8.3%,21,3,3,$450K,0.0%,5.9%,388,-8.1%,-0.3%
"High Point, NC",2022,Single Family Residential,Place/City,False,NC,1.032334004,1.8%,2.9%,122,-0.8%,0.8%,164,-4.7%,-21.9%,24,0,1,$281K,7.1%,30.8%,147,-2.0%,-12.5%
"Wilmington, NC",2023,Single Family Residential,Place/City,False,NC,0.973563473,-0.6%,-2.6%,88,41.9%,-14.6%,152,-4.4%,-26.9%,38,21,-8,$466K,9.4%,13.7%,111,24.7%,-2.6%
"Charlotte, NC metro area",2023,Single Family Residential,Metro,False,NC,0.984737149,0.5%,-3.7%,2997,42.1%,-16.7%,5820,2.9%,59.2%,54,-14,25,$393K,3.1%,0.3%,3453,41.4%,5.4%
"Winston-Salem, NC metro area",2023,Single Family Residential,Metro,False,NC,0.995582751,-0.3%,-0.4%,760,16.0%,-13.2%,1304,5.6%,-14.4%,31,0,4,$297K,-2.0%,2.4%,761,11.3%,-14.6%
"Wilmington, NC metro area",2023,Single Family Residential,Metro,False,NC,0.991864578,0.1%,-0.4%,410,6.5%,-10.7%,729,7.4%,-2.7%,14,-5,1,$465K,3.3%,10.7%,468,3.8%,-3.9%
"Raleigh, NC metro area",2023,Single Family Residential,Metro,False,NC,0.987822226,-0.3%,0.3%,1114,-12.5%,-19.1%,2165,-16.3%,-42.5%,42,-6,-13,$459K,1.0%,1.0%,769,-28.4%,-7.0%
"Raleigh, NC",2022,Single Family Residential,Place/City,False,NC,1.084291692,1.6%,5.1%,396,5.6%,-10.0%,484,19.2%,-26.8%,21,-4,-13,$485K,3.2%,21.1%,510,13.1%,-2.9%
"Durham, NC",2022,Single Family Residential,Place/City,False,NC,0.987760802,-1.9%,-5.3%,201,-19.9%,-29.5%,573,-3.7%,33.6%,49,13,15,$408K,-2.6%,2.0%,212,-16.5%,-29.6%
"Durham, NC metro area",2023,Single Family Residential,Metro,False,NC,0.988406661,0.3%,-3.8%,403,19.9%,-17.6%,1126,-0.8%,47.6%,68,9,32,$407K,-1.8%,-4.3%,430,11.4%,-16.0%
"Wilmington, NC",2023,Single Family Residential,Place/City,False,NC,0.977320329,-0.6%,0.2%,92,-2.1%,-11.5%,240,-5.5%,42.0%,15,-3,-6,$477K,1.2%,9.3%,88,-24.1%,27.5%
"Cary, NC",2023,Single Family Residential,Place/City,False,NC,1.003654528,-2.7%,-0.8%,122,-4.7%,-19.7%,190,8.0%,-24.0%,37,3,0,$720K,2.5%,9.1%,142,11.8%,5.2%
"Greensboro, NC",2023,Single Family Residential,Place/City,False,NC,1.001490484,0.5%,0.8%,189,-14.1%,-14.5%,357,4.7%,-7.8%,28,3,2,$302K,-3.2%,8.1%,230,5.0%,4.5%
"Raleigh, NC metro area",2022,Single Family Residential,Metro,False,NC,0.995562355,-0.9%,-4.2%,1696,-14.2%,-15.6%,4564,6.5%,33.9%,38,4,3,$451K,-3.0%,13.1%,1843,-13.5%,-19.4%
"Concord, NC",2022,Single Family Residential,Place/City,False,NC,1.022180832,-0.1%,2.6%,144,10.8%,2.1%,126,-16.6%,-29.2%,32,-1,-8,$370K,8.8%,23.5%,94,-12.1%,-29.3%
"Charlotte, NC",2023,Single Family Residential,Place/City,False,NC,0.990328487,0.9%,-4.3%,806,44.2%,-13.0%,1292,7.3%,44.8%,43,-18,19,$413K,5.7%,1.7%,935,55.8%,6.7%
"High Point, NC",2023,Single Family Residential,Place/City,False,NC,0.977190186,-0.8%,-5.5%,107,-4.5%,-12.3%,204,8.5%,24.4%,34,-4,10,$264K,-4.9%,-6.1%,124,6.0%,-15.6%
"Raleigh, NC",2022,Single Family Residential,Place/City,False,NC,1.031510886,-0.6%,2.8%,269,-36.0%,-11.5%,333,-8.3%,-37.8%,35,1,-12,$425K,-0.1%,25.0%,281,27.1%,-7.6%
"Charlotte, NC",2022,Single Family Residential,Place/City,False,NC,0.982321723,-0.5%,-3.9%,666,-19.1%,-27.1%,1715,0.8%,18.4%,40,4,9,$414K,3.7%,13.5%,722,-8.0%,-26.5%
"Cary, NC",2023,Single Family Residential,Place/City,False,NC,0.995602848,0.5%,0.5%,92,4.5%,-2.1%,79,-26.9%,-54.3%,25,-16,-24,$644K,-1.3%,-7.2%,38,-58.2%,-9.5%
"Raleigh, NC",2022,Single Family Residential,Place/City,False,NC,1.006967289,-2.4%,-4.6%,391,19.9%,-15.7%,746,-0.3%,21.5%,35,3,4,$455K,-6.8%,11.0%,444,-3.7%,-9.6%
"Durham, NC",2023,Single Family Residential,Place/City,False,NC,0.993589476,-0.1%,0.6%,163,-10.9%,-18.9%,446,7.2%,-22.2%,36,-3,-13,$425K,1.2%,4.2%,219,2.3%,3.3%
"Concord, NC",2023,Single Family Residential,Place/City,False,NC,0.977352449,-0.5%,-5.4%,118,51.3%,-28.5%,192,-9.4%,51.2%,64,-17,33,$371K,9.9%,-1.5%,118,32.6%,-16.9%
"High Point, NC",2023,Single Family Residential,Place/City,False,NC,0.984707085,1.1%,-2.9%,112,23.1%,-8.9%,188,-2.1%,9.3%,38,0,14,$278K,-3.6%,5.7%,117,27.2%,-22.0%
"Cary, NC",2023,Single Family Residential,Place/City,False,NC,1.030998158,1.1%,0.3%,128,-3.8%,-12.3%,176,-3.8%,-38.2%,34,-4,1,$703K,-5.7%,1.8%,127,-16.4%,-23.0%
"Charlotte, NC metro area",2022,Single Family Residential,Metro,False,NC,1.006513848,-0.3%,1.0%,2775,-25.6%,4.0%,3770,-10.8%,-33.4%,38,4,-9,$370K,-0.7%,19.5%,2384,6.6%,-24.4%
"Durham, NC metro area",2022,Single Family Residential,Metro,False,NC,1.046976397,2.0%,2.8%,620,26.8%,-14.5%,831,8.9%,-32.2%,33,-3,-9,$441K,3.4%,16.1%,788,53.9%,-2.2%
"Wilmington, NC metro area",2022,Single Family Residential,Metro,False,NC,1.008447771,-0.5%,0.0%,463,-8.7%,-14.6%,749,10.6%,-53.4%,10,3,-45,$420K,-2.1%,21.0%,528,-12.0%,-20.6%
"Durham, NC",2022,Single Family Residential,Place/City,False,NC,0.985420528,-0.2%,-5.4%,190,-5.5%,-38.1%,536,-6.5%,30.4%,42,-7,10,$410K,0.5%,5.7%,175,-17.5%,-36.4%
"Concord, NC",2023,Single Family Residential,Place/City,False,NC,0.983289576,-1.2%,-1.6%,95,-5.0%,-43.8%,189,11.8%,-34.6%,38,6,6,$423K,10.7%,3.3%,111,8.8%,-31.5%
"Durham, NC",2023,Single Family Residential,Place/City,False,NC,1.002758117,-1.2%,-1.3%,230,16.2%,-8.7%,399,-3.9%,-33.1%,36,1,2,$445K,-1.1%,3.2%,230,-0.4%,-30.5%
"Charlotte, NC metro area",2023,Single Family Residential,Metro,False,NC,0.973298015,-0.4%,-3.3%,1771,-27.0%,-36.2%,5911,-5.3%,56.8%,61,7,23,$395K,0.0%,6.8%,2071,25.4%,-13.1%
"Raleigh, NC",2022,Single Family Residential,Place/City,False,NC,1.050813799,-1.7%,-0.5%,449,4.4%,-18.5%,614,17.0%,10.4%,24,2,-9,$492K,4.1%,14.2%,526,12.6%,6.3%
"Cary, NC",2022,Single Family Residential,Place/City,False,NC,1.008274094,-0.3%,-4.9%,118,-22.4%,-31.8%,266,6.4%,3.9%,40,3,5,$605K,-8.3%,6.6%,137,1.5%,-34.8%
"Winston-Salem, NC",2022,Single Family Residential,Place/City,False,NC,0.981976580,-0.2%,-2.7%,232,1.8%,-32.4%,405,-12.5%,34.6%,39,9,12,$269K,-2.2%,5.5%,148,-25.3%,-27.1%
"Raleigh, NC",2023,Single Family Residential,Place/City,False,NC,0.978699251,-0.9%,-0.2%,187,-16.9%,-27.0%,364,-20.5%,-41.1%,36,-7,-20,$525K,18.0%,28.1%,116,-46.3%,-24.7%
"Winston-Salem, NC",2022,Single Family Residential,Place/City,False,NC,1.031160294,0.0%,1.5%,328,14.7%,15.5%,409,-2.2%,-18.5%,22,0,-5,$272K,4.0%,22.7%,386,-10.0%,-3.7%
"Raleigh, NC",2023,Single Family Residential,Place/City,False,NC,0.983961095,1.7%,-5.5%,216,7.5%,-23.9%,523,-7.1%,49.9%,54,-18,20,$413K,-6.1%,-5.2%,253,29.7%,-27.9%
"Greensboro, NC",2023,Single Family Residential,Place/City,False,NC,1.012491430,-0.4%,-2.3%,245,21.3%,-23.2%,316,-4.8%,-24.4%,25,1,7,$296K,2.1%,1.1%,247,-8.2%,-33.4%
"Greensboro, NC metro area",2022,Single Family Residential,Metro,False,NC,1.029928794,1.3%,2.3%,753,-1.8%,-2.2%,1043,4.9%,-18.3%,23,-1,-2,$291K,7.8%,23.8%,941,7.7%,-6.1%
"Durham, NC metro area",2022,Single Family Residential,Metro,False,NC,1.081783410,1.1%,3.9%,720,9.4%,-3.7%,1012,9.5%,-20.6%,24,-3,-11,$488K,5.8%,22.3%,815,3.3%,4.1%
"Raleigh, NC metro area",2022,Single Family Residential,Metro,False,NC,1.038062507,-1.6%,-0.8%,2202,10.5%,-13.2%,3570,7.5%,12.5%,29,2,-6,$461K,-0.8%,16.8%,2608,-1.6%,16.3%
"Winston-Salem, NC",2022,Single Family Residential,Place/City,False,NC,1.014111186,0.5%,2.0%,228,-33.5%,-4.2%,306,1.7%,-35.0%,32,5,0,$244K,-4.5%,19.1%,233,14.8%,-12.4%
"Cary, NC",2022,Single Family Residential,Place/City,False,NC,1.099044490,3.8%,7.2%,111,56.3%,-24.0%,166,50.9%,-44.3%,19,-6,-18,$685K,0.8%,41.6%,183,74.3%,-11.2%
"Durham, NC",2022,Single Family Residential,Place/City,False,NC,1.039277350,-3.6%,-3.2%,277,-20.2%,-17.6%,550,20.4%,17.8%,26,-1,-5,$435K,-9.8%,10.5%,340,-23.4%,-11.5%
"Wilmington, NC",2023,Single Family Residential,Place/City,False,NC,0.979314106,0.4%,-1.8%,62,-40.4%,-44.6%,159,-5.9%,-32.1%,17,-4,-46,$426K,-2.5%,5.9%,89,29.0%,-27.0%
"Greensboro, NC",2023,Single Family Residential,Place/City,False,NC,0.996373540,1.8%,-2.9%,161,22.0%,-24.1%,304,-3.8%,26.7%,37,-5,15,$245K,-4.3%,-2.0%,182,15.2%,-19.1%
"Raleigh, NC",2023,Single Family Residential,Place/City,False,NC,0.990079434,-1.0%,-0.2%,228,-29.6%,-29.6%,593,8.0%,-24.5%,36,-1,-3,$459K,-0.2%,6.8%,291,-5.2%,-19.6%
"Raleigh, NC metro area",2023,Single Family Residential,Metro,False,NC,0.993745184,0.5%,-6.5%,1497,-11.7%,-19.3%,3247,-0.3%,16.0%,49,-10,24,$452K,4.0%,-1.7%,1564,-4.2%,-37.3%
"Winston-Salem, NC metro area",2023,Single Family Residential,Metro,False,NC,0.977977539,-0.7%,-2.5%,427,-31.5%,-33.5%,1267,0.1%,24.5%,46,9,13,$265K,-3.1%,1.9%,567,35.3%,-3.6%
"Cary, NC",2022,Single Family Residential,Place/City,False,NC,1.011752440,-1.6%,-5.2%,152,4.1%,-30.3%,250,-12.3%,5.9%,37,4,2,$660K,-4.4%,20.0%,135,-18.2%,-28.2%
"Winston-Salem, NC",2023,Single Family Residential,Place/City,False,NC,1.000566832,1.4%,1.9%,145,-33.8%,-37.5%,361,-13.2%,-10.9%,29,1,-10,$260K,-6.5%,-3.3%,143,-27.8%,-3.4%
"Wilmington, NC metro area",2023,Single Family Residential,Metro,False,NC,0.980931403,-0.1%,-0.3%,311,1.0%,-15.9%,771,-8.2%,17.5%,27,3,4,$440K,1.1%,1.1%,290,-19.9%,20.3%
"Cary, NC",2022,Single Family Residential,Place/City,False,NC,1.060938447,0.5%,4.7%,71,-34.3%,-44.5%,110,14.6%,-62.6%,25,-7,-14,$679K,17.9%,33.2%,105,18.0%,-28.6%
"Raleigh, NC metro area",2022,Single Family Residential,Metro,False,NC,1.020816712,-1.7%,-3.1%,1829,-16.9%,-14.5%,4125,15.5%,22.8%,30,1,-2,$476K,3.1%,18.9%,2279,-12.6%,-1.5%
"Durham, NC metro area",2023,Single Family Residential,Metro,False,NC,1.005931317,0.6%,-6.5%,511,-7.4%,-22.3%,1141,-1.0%,23.5%,41,-7,14,$483K,9.8%,4.8%,588,-11.4%,-25.5%
"High Point, NC",2022,Single Family Residential,Place/City,False,NC,0.998814789,-0.2%,1.3%,103,-36.0%,-14.2%,169,-8.2%,-17.6%,28,0,-3,$207K,-13.8%,1.0%,108,-6.1%,0.0%
"Concord, NC",2022,Single Family Residential,Place/City,False,NC,1.027477957,-0.4%,1.0%,180,9.1%,19.2%,153,20.5%,-19.0%,24,-7,-5,$386K,2.5%,35.3%,160,12.7%,-14.9%
"Charlotte, NC",2023,Single Family Residential,Place/City,False,NC,0.981786262,0.6%,-4.1%,559,28.2%,-20.9%,1204,-7.7%,46.7%,61,6,31,$390K,-1.6%,1.3%,600,18.1%,-11.0%
"Durham, NC",2023,Single Family Residential,Place/City,False,NC,0.982975014,-1.8%,-0.5%,145,-19.0%,-26.0%,239,-20.1%,-47.5%,47,8,2,$411K,-3.3%,-1.0%,102,-18.4%,-28.7%
"Raleigh, NC metro area",2023,Single Family Residential,Metro,False,NC,0.995848443,-0.5%,-0.9%,1578,5.1%,-20.1%,3233,2.8%,-24.5%,42,0,8,$470K,-2.1%,1.1%,1668,10.0%,-21.7%
"Greensboro, NC metro area",2023,Single Family Residential,Metro,False,NC,0.992087779,0.2%,-0.1%,536,-11.1%,-14.6%,1277,6.6%,-10.3%,28,0,1,$292K,3.2%,2.6%,718,5.7%,6.4%
"Durham, NC",2022,Single Family Residential,Place/City,False,NC,1.035363800,0.6%,2.8%,209,1.5%,-5.4%,299,0.7%,-24.3%,29,-11,-9,$408K,8.8%,29.5%,212,-2.8%,-14.9%
"Charlotte, NC",2022,Single Family Residential,Place/City,False,NC,1.017042963,-1.4%,-1.6%,826,-19.4%,-25.8%,1710,20.8%,7.8%,25,4,-5,$425K,-3.4%,19.0%,1066,-9.7%,-11.9%
"Charlotte, NC metro area",2022,Single Family Residential,Metro,False,NC,0.981004521,-0.1%,-3.1%,2498,-11.5%,-32.3%,7009,-4.6%,34.2%,48,4,14,$405K,1.3%,8.0%,2283,-20.2%,-26.4%
"Winston-Salem, NC",2022,Single Family Residential,Place/City,False,NC,1.036861179,0.6%,0.7%,350,6.7%,-0.8%,427,4.4%,-4.3%,22,0,-4,$287K,5.8%,27.2%,399,3.4%,18.0%
"High Point, NC",2022,Single Family Residential,Place/City,False,NC,0.988165448,0.5%,-1.7%,112,-2.6%,1.8%,232,-7.2%,8.9%,30,3,4,$290K,-1.7%,21.2%,94,-25.4%,-29.3%
"Winston-Salem, NC",2023,Single Family Residential,Place/City,False,NC,0.979254174,-0.3%,-3.5%,146,-37.1%,-36.0%,384,-5.2%,25.5%,36,-3,4,$254K,-5.7%,4.1%,186,25.7%,-20.2%
"Greensboro, NC",2023,Single Family Residential,Place/City,False,NC,1.002993118,1.4%,-4.1%,192,-7.2%,-28.9%,286,-5.6%,-12.5%,25,-5,7,$272K,1.6%,-9.4%,199,-11.2%,-40.9%
"Greensboro, NC",2023,Single Family Residential,Place/City,False,NC,0.996230218,-1.0%,-0.2%,220,-3.9%,-18.2%,341,-1.4%,-8.8%,25,-1,1,$312K,6.8%,9.9%,219,-20.7%,-5.2%
"Winston-Salem, NC metro area",2022,Single Family Residential,Metro,False,NC,1.026653182,0.5%,0.9%,843,9.8%,-1.3%,1302,8.0%,-4.0%,23,-1,-4,$294K,4.2%,20.4%,1024,4.2%,12.5%
"Concord, NC",2023,Single Family Residential,Place/City,False,NC,0.990831147,0.1%,-4.2%,125,26.3%,-25.6%,188,-6.9%,16.8%,45,0,25,$373K,6.7%,-4.9%,105,-6.3%,-34.4%
"Winston-Salem, NC",2023,Single Family Residential,Place/City,False,NC,0.986954938,-0.8%,0.3%,219,6.3%,-3.9%,416,-2.8%,-10.2%,28,2,-2,$278K,4.9%,1.1%,198,-25.0%,0.0%
"Raleigh, NC metro area",2022,Single Family Residential,Metro,False,NC,0.986158177,-0.5%,-4.4%,1338,-10.3%,-35.4%,4195,-4.3%,44.9%,50,9,15,$469K,3.1%,12.5%,1129,-18.1%,-32.2%
"Greensboro, NC metro area",2023,Single Family Residential,Metro,False,NC,1.000671110,-0.2%,-1.4%,629,-10.3%,-21.8%,1065,3.0%,-27.8%,26,0,4,$299K,1.4%,1.0%,678,-2.6%,-27.2%
"Raleigh, NC metro area",2022,Single Family Residential,Metro,False,NC,1.026055488,-0.2%,2.3%,1348,-31.0%,-12.6%,2159,-10.5%,-33.9%,36,0,-15,$420K,1.3%,28.7%,1411,8.0%,-19.6%
"Cary, NC",2022,Single Family Residential,Place/City,False,NC,1.055656451,0.0%,5.5%,108,-31.6%,-12.9%,96,-20.7%,-66.0%,32,-6,-20,$576K,-4.0%,18.9%,89,-4.3%,-37.3%
"High Point, NC",2022,Single Family Residential,Place/City,False,NC,1.030643174,0.4%,0.4%,165,13.0%,-5.7%,238,22.1%,25.9%,21,3,-1,$297K,13.4%,30.0%,215,15.0%,27.2%
"Cary, NC",2023,Single Family Residential,Place/City,False,NC,1.017149267,1.5%,-6.6%,109,-11.4%,-22.7%,165,8.6%,-10.3%,30,-10,14,$670K,0.8%,-1.5%,114,-10.9%,-33.3%
"Greensboro, NC",2023,Single Family Residential,Place/City,False,NC,1.016456849,1.3%,-3.2%,202,5.2%,-22.0%,332,16.1%,-13.1%,24,-1,5,$290K,6.7%,-3.0%,269,35.2%,-28.5%
"Durham, NC",2023,Single Family Residential,Place/City,False,NC,1.010839628,-1.2%,-6.4%,272,5.4%,-21.6%,411,-9.9%,-10.1%,37,3,10,$445K,3.1%,-7.8%,237,-13.8%,-46.6%
"Durham, NC metro area",2022,Single Family Residential,Metro,False,NC,1.021158548,-0.5%,2.1%,504,-31.2%,-1.9%,769,-11.2%,-36.6%,39,0,-16,$425K,-3.4%,28.8%,465,11.0%,-11.6%
"Raleigh, NC metro area",2022,Single Family Residential,Metro,False,NC,1.058745917,1.0%,3.4%,1855,2.0%,-11.8%,2798,19.9%,-18.6%,25,-4,-12,$460K,4.5%,24.3%,2493,14.6%,12.2%
"Wilmington, NC metro area",2023,Single Family Residential,Metro,False,NC,0.985182433,-0.2%,-1.9%,309,20.7%,-16.3%,583,-6.4%,-23.9%,32,12,-26,$435K,8.9%,10.4%,350,4.2%,-20.1%
"Charlotte, NC metro area",2023,Single Family Residential,Metro,False,NC,0.980796735,-0.3%,0.3%,2105,-5.4%,-13.2%,5503,-12.2%,-11.8%,49,6,-5,$385K,-3.8%,-2.5%,1681,-28.3%,1.8%
"Cary, NC",2022,Single Family Residential,Place/City,False,NC,1.083617679,-1.5%,4.4%,141,27.0%,-37.9%,184,10.8%,-43.0%,16,-3,-22,$680K,-0.7%,27.8%,171,-6.6%,-31.6%
"Greensboro, NC",2022,Single Family Residential,Place/City,False,NC,0.998639291,-0.8%,-0.9%,269,-11.5%,-25.5%,374,-4.6%,-16.0%,24,0,1,$284K,-3.7%,13.6%,231,-20.6%,-31.7%
"Wilmington, NC",2022,Single Family Residential,Place/City,False,NC,0.991907193,0.3%,-0.3%,119,-7.8%,-5.6%,183,7.6%,-48.9%,21,0,-36,$462K,15.4%,26.9%,118,6.3%,-9.9%
"Winston-Salem, NC",2022,Single Family Residential,Place/City,False,NC,0.993653058,-0.6%,-1.6%,254,-7.0%,-13.0%,505,-1.0%,-0.6%,26,0,1,$275K,6.8%,19.6%,254,-15.3%,-27.2%
"Durham, NC metro area",2023,Single Family Residential,Metro,False,NC,1.009415050,0.0%,-2.3%,512,-24.9%,-21.8%,1076,-2.5%,-20.8%,36,-4,7,$480K,-5.9%,2.3%,521,-16.1%,-33.9%
"Winston-Salem, NC",2022,Single Family Residential,Place/City,False,NC,1.002738678,-2.4%,-1.7%,313,6.5%,-9.0%,485,-4.0%,-0.6%,26,3,2,$281K,-0.6%,17.1%,331,-1.8%,-14.0%
"Durham, NC metro area",2022,Single Family Residential,Metro,False,NC,1.006139914,-0.7%,-3.1%,565,-8.3%,-12.3%,1466,1.1%,11.6%,36,1,2,$425K,-5.6%,6.3%,572,-21.2%,-25.4%
"Durham, NC",2022,Single Family Residential,Place/City,False,NC,1.074827740,-1.6%,-1.0%,347,-1.1%,-11.0%,457,14.3%,5.3%,27,3,-2,$483K,7.2%,27.0%,444,27.6%,21.0%
"Charlotte, NC",2023,Single Family Residential,Place/City,False,NC,0.991620648,-1.1%,0.4%,647,-12.0%,-21.4%,1280,3.1%,-24.8%,37,2,1,$410K,-2.1%,2.6%,719,-6.1%,-8.4%
"Winston-Salem, NC metro area",2022,Single Family Residential,Metro,False,NC,0.982574760,-1.2%,-2.4%,626,-11.5%,-26.3%,1395,-8.3%,1.5%,34,5,4,$275K,-8.6%,10.0%,569,-18.8%,-26.0%
"Winston-Salem, NC metro area",2023,Single Family Residential,Metro,False,NC,0.992092736,0.1%,-3.0%,579,-19.8%,-24.6%,1317,-1.7%,9.3%,30,-5,6,$290K,3.6%,2.7%,733,-12.9%,-25.4%
"Charlotte, NC metro area",2023,Single Family Residential,Metro,False,NC,0.987107769,-0.1%,0.5%,2447,-2.8%,-13.3%,6384,1.7%,-13.1%,43,3,-1,$402K,0.5%,0.5%,2846,-6.2%,-0.5%
"Raleigh, NC",2022,Single Family Residential,Place/City,False,NC,1.068485185,3.0%,4.3%,375,32.0%,-7.2%,406,16.3%,-31.0%,25,-9,-10,$470K,7.9%,27.7%,451,28.5%,-4.7%
"Concord, NC",2022,Single Family Residential,Place/City,False,NC,1.023940396,-0.9%,-0.6%,213,26.8%,4.4%,209,29.8%,-7.1%,21,1,-5,$395K,0.6%,21.5%,192,20.0%,-12.3%
"Concord, NC",2022,Single Family Residential,Place/City,False,NC,1.022697129,0.0%,2.1%,130,-25.7%,0.8%,151,-13.2%,-27.8%,33,5,-6,$340K,-8.1%,23.6%,107,-5.3%,-22.5%
"High Point, NC",2022,Single Family Residential,Place/City,False,NC,0.982659608,-0.8%,-3.3%,145,5.8%,-7.1%,251,2.0%,22.4%,28,4,7,$290K,-3.3%,20.8%,145,5.8%,-2.7%
"Winston-Salem, NC",2023,Single Family Residential,Place/City,False,NC,0.992280910,0.3%,-3.9%,237,29.5%,-17.1%,425,7.9%,1.7%,35,-4,13,$268K,4.5%,2.6%,302,30.2%,-29.6%
"Concord, NC",2023,Single Family Residential,Place/City,False,NC,1.000904965,1.0%,-2.3%,137,9.6%,-35.7%,177,-5.9%,-15.3%,42,-3,21,$392K,5.1%,-0.7%,138,31.4%,-28.1%
"Raleigh, NC metro area",2022,Single Family Residential,Metro,False,NC,0.991621655,-0.4%,-4.4%,1492,-12.0%,-27.6%,4382,-4.0%,30.6%,41,3,8,$455K,0.9%,11.5%,1379,-25.2%,-36.7%
"High Point, NC",2022,Single Family Residential,Place/City,False,NC,0.991158600,-2.7%,-3.7%,137,-6.2%,-12.2%,246,-4.3%,23.6%,24,2,2,$300K,10.9%,46.3%,137,-18.0%,-26.3%
"High Point, NC",2023,Single Family Residential,Place/City,False,NC,0.971527847,0.2%,-2.7%,93,-10.6%,-9.7%,213,2.9%,26.0%,33,-11,5,$305K,17.3%,47.3%,112,60.0%,3.7%
"Wilmington, NC",2023,Single Family Residential,Place/City,False,NC,1.000497611,0.8%,-1.3%,107,-12.3%,-34.0%,157,-2.5%,33.1%,10,-4,0,$429K,-2.4%,-0.8%,120,-19.5%,-31.4%
"Durham, NC",2022,Single Family Residential,Place/City,False,NC,1.090667273,1.0%,3.1%,351,18.6%,19.8%,400,3.1%,-8.9%,24,-3,-7,$450K,4.7%,28.6%,348,-7.0%,-3.1%
"High Point, NC",2023,Single Family Residential,Place/City,False,NC,0.977584666,-1.1%,-0.5%,82,-18.8%,-28.7%,202,5.2%,-19.2%,28,-2,1,$298K,16.2%,0.8%,113,-6.6%,-10.3%
"Winston-Salem, NC metro area",2022,Single Family Residential,Metro,False,NC,0.985210332,0.3%,-1.7%,623,-0.5%,-30.0%,1266,-9.2%,14.9%,37,3,8,$273K,-0.6%,5.2%,419,-26.4%,-26.6%
"Raleigh, NC metro area",2023,Single Family Residential,Metro,False,NC,0.977344207,-0.7%,-4.9%,908,-34.1%,-32.6%,3663,-2.7%,69.7%,71,16,35,$445K,-2.2%,6.0%,1267,53.2%,-10.2%
"Wilmington, NC",2022,Single Family Residential,Place/City,False,NC,0.999341296,0.2%,1.4%,103,-8.0%,-24.8%,208,-11.1%,-52.7%,46,-17,-34,$410K,1.9%,25.4%,114,-6.6%,-12.3%
"Greensboro, NC",2022,Single Family Residential,Place/City,False,NC,1.015505400,-2.0%,-1.2%,296,-7.2%,-14.9%,443,6.0%,3.5%,21,3,-1,$306K,4.5%,26.4%,326,-12.1%,-9.4%
"Durham, NC metro area",2022,Single Family Residential,Metro,False,NC,1.013161962,-1.9%,-3.1%,616,-6.0%,-16.0%,1450,6.8%,14.9%,35,6,1,$450K,-4.1%,7.0%,726,-7.9%,-4.7%
"Raleigh, NC",2022,Single Family Residential,Place/City,False,NC,1.038523965,0.7%,2.9%,284,5.6%,-3.7%,349,4.8%,-35.1%,34,-1,-12,$436K,2.5%,26.6%,351,24.9%,4.2%
"Greensboro, NC",2022,Single Family Residential,Place/City,False,NC,1.006418400,-0.9%,-2.2%,304,2.7%,-14.8%,392,-11.5%,-15.9%,24,3,2,$295K,-3.6%,15.2%,291,-10.7%,-22.8%
"High Point, NC",2022,Single Family Residential,Place/City,False,NC,0.983000216,0.0%,-1.5%,115,-20.7%,-12.2%,250,-0.4%,11.1%,27,-1,2,$295K,1.7%,28.3%,126,-13.1%,-25.0%
"Charlotte, NC",2022,Single Family Residential,Place/City,False,NC,1.033614163,1.1%,2.3%,926,31.0%,-15.0%,892,8.6%,-37.1%,24,-6,-9,$405K,5.3%,17.5%,876,30.0%,-25.8%
"High Point, NC",2022,Single Family Residential,Place/City,False,NC,1.027065156,-0.5%,1.9%,146,19.7%,9.0%,195,18.9%,-5.8%,18,-6,-7,$262K,-7.0%,32.1%,187,27.2%,11.3%
"High Point, NC",2023,Single Family Residential,Place/City,False,NC,0.970968474,-1.1%,0.1%,80,-13.0%,-23.1%,189,-6.4%,-8.7%,35,5,-9,$229K,-19.2%,-11.9%,63,-38.2%,-10.0%
"Raleigh, NC metro area",2022,Single Family Residential,Metro,False,NC,1.048848839,1.9%,3.2%,1819,26.4%,-11.3%,2334,8.3%,-29.6%,29,-5,-11,$440K,6.0%,27.2%,2176,28.6%,1.5%
"Winston-Salem, NC",2022,Single Family Residential,Place/City,False,NC,1.030868910,1.0%,2.6%,286,47.4%,-13.3%,418,29.8%,-12.0%,22,-4,-9,$261K,9.2%,19.2%,429,61.3%,11.7%
"Wilmington, NC",2022,Single Family Residential,Place/City,False,NC,1.013898514,-0.2%,2.2%,162,23.7%,-2.4%,118,-1.7%,-74.4%,10,-35,-44,$432K,5.4%,27.4%,175,-2.2%,-14.6%
"Concord, NC",2023,Single Family Residential,Place/City,False,NC,0.971670396,-2.2%,-1.1%,83,-2.4%,1.2%,195,-11.0%,-27.2%,36,-7,-18,$350K,-12.5%,-4.1%,61,-46.5%,-28.2%
"Durham, NC metro area",2023,Single Family Residential,Metro,False,NC,1.001128433,-0.8%,-1.2%,537,4.9%,-12.8%,1065,-1.0%,-26.6%,38,2,3,$475K,-1.0%,5.6%,544,4.4%,-25.1%
"Cary, NC",2022,Single Family Residential,Place/City,False,NC,1.066066426,-4.6%,0.5%,174,13.0%,-35.1%,251,12.6%,-10.0%,33,13,-3,$706K,-4.0%,26.5%,209,8.9%,-18.7%
"Durham, NC",2023,Single Family Residential,Place/City,False,NC,1.002527796,1.0%,-5.6%,232,17.8%,-14.1%,427,-3.6%,28.6%,42,-22,9,$425K,7.6%,4.3%,260,32.7%,-27.4%
"Durham, NC",2023,Single Family Residential,Place/City,False,NC,1.008288585,0.6%,-7.2%,216,-6.9%,-27.0%,426,-0.2%,9.8%,40,-2,13,$420K,-1.2%,-2.3%,231,-11.2%,-38.2%
"Raleigh, NC",2023,Single Family Residential,Place/City,False,NC,1.011912074,0.5%,-3.9%,317,-0.6%,-29.4%,578,3.6%,-5.9%,37,3,13,$515K,3.0%,4.7%,361,18.4%,-31.4%
"Durham, NC metro area",2022,Single Family Residential,Metro,False,NC,0.987020444,-0.2%,-3.9%,437,-6.2%,-40.4%,1146,-14.0%,32.3%,54,11,15,$430K,-4.4%,-2.3%,308,-15.8%,-26.5%
"Charlotte, NC metro area",2023,Single Family Residential,Metro,False,NC,0.994592366,0.3%,-3.7%,3100,12.9%,-16.0%,5672,-1.5%,13.9%,39,-2,16,$415K,5.1%,-0.9%,3235,5.4%,-20.0%
"Greensboro, NC metro area",2023,Single Family Residential,Metro,False,NC,0.986080690,0.1%,-3.1%,644,30.6%,-16.0%,1029,-1.8%,3.5%,34,-12,10,$270K,1.9%,0.0%,663,29.2%,-24.1%
"Raleigh, NC metro area",2023,Single Family Residential,Metro,False,NC,0.991017749,-0.4%,0.5%,1273,1.4%,-4.9%,2586,-20.7%,-38.4%,48,2,-2,$455K,-2.2%,-3.0%,1074,-23.8%,-4.9%
"Charlotte, NC",2022,Single Family Residential,Place/City,False,NC,1.013686651,-0.1%,1.3%,710,-22.7%,-1.9%,850,-13.4%,-37.5%,35,3,-8,$374K,-2.9%,22.6%,585,0.0%,-30.2%
"Charlotte, NC",2023,Single Family Residential,Place/City,False,NC,1.002434512,-0.5%,0.6%,735,12.9%,-14.0%,1242,2.4%,-28.2%,35,3,1,$419K,-7.0%,2.7%,766,13.3%,-17.4%
"Winston-Salem, NC metro area",2022,Single Family Residential,Metro,False,NC,1.016461026,-0.6%,0.1%,786,-18.9%,-17.2%,1558,4.6%,5.8%,25,2,-2,$290K,-3.3%,16.1%,910,-14.3%,-14.6%
"Raleigh, NC metro area",2023,Single Family Residential,Metro,False,NC,1.000674267,-0.1%,-2.0%,1501,-11.4%,-17.9%,3144,-3.5%,-23.8%,42,0,12,$480K,0.8%,0.9%,1516,-14.6%,-33.5%
"Winston-Salem, NC",2023,Single Family Residential,Place/City,False,NC,0.995388228,-0.4%,0.2%,206,5.6%,-18.9%,428,5.4%,-15.2%,26,0,0,$265K,-7.0%,-3.6%,264,3.1%,3.9%
"Charlotte, NC metro area",2022,Single Family Residential,Metro,False,NC,0.988003357,-0.7%,-2.9%,3401,-4.3%,-17.4%,7371,0.1%,20.1%,39,5,6,$403K,-2.4%,11.9%,3218,-11.4%,-20.0%
"Wilmington, NC metro area",2023,Single Family Residential,Metro,False,NC,0.984302303,-0.8%,-1.1%,350,-14.6%,-11.2%,767,5.2%,4.1%,18,4,4,$450K,-3.2%,11.2%,422,-9.8%,9.3%
"High Point, NC",2023,Single Family Residential,Place/City,False,NC,0.981829191,0.4%,-0.6%,92,12.2%,-17.9%,202,0.0%,-12.9%,30,2,0,$284K,-4.7%,-2.2%,102,-9.7%,8.5%
"Charlotte, NC",2023,Single Family Residential,Place/City,False,NC,0.985924868,-0.6%,0.7%,527,4.6%,-3.7%,1107,-14.5%,-21.3%,43,4,-6,$400K,-4.8%,0.0%,403,-27.8%,6.9%
"Concord, NC",2023,Single Family Residential,Place/City,False,NC,0.983289952,1.2%,0.0%,72,-13.3%,-19.1%,163,-16.4%,-35.8%,52,16,10,$366K,4.6%,3.7%,63,3.3%,-17.1%
"Wilmington, NC metro area",2022,Single Family Residential,Metro,False,NC,1.018876262,0.4%,1.8%,531,0.4%,-8.4%,544,22.2%,-66.8%,8,-1,-46,$410K,1.2%,17.0%,619,4.0%,-2.2%
"Wilmington, NC",2023,Single Family Residential,Place/City,False,NC,0.997275953,1.0%,0.0%,124,10.7%,-17.3%,202,12.2%,10.4%,10,-11,-2,$468K,-2.5%,10.1%,141,9.3%,12.8%
"Durham, NC",2023,Single Family Residential,Place/City,False,NC,0.976179607,-1.2%,-5.4%,159,-18.9%,-22.8%,435,-4.4%,46.5%,55,10,15,$385K,-7.2%,2.7%,171,19.6%,-21.6%
"Cary, NC",2023,Single Family Residential,Place/City,False,NC,0.995388017,1.1%,-6.6%,88,22.2%,23.9%,140,-6.0%,27.3%,61,-9,36,$635K,-7.3%,-6.5%,80,-1.2%,-23.8%
"Greensboro, NC metro area",2023,Single Family Residential,Metro,False,NC,0.984501634,-0.8%,-0.4%,558,4.1%,-8.5%,1290,1.0%,-6.5%,31,3,2,$289K,-1.0%,7.0%,618,-13.9%,2.8%
"Durham, NC metro area",2023,Single Family Residential,Metro,False,NC,0.984063517,-1.2%,-0.3%,350,-15.3%,-19.9%,682,-19.0%,-40.5%,41,-1,-13,$442K,-6.9%,2.8%,240,-27.7%,-22.1%
"Charlotte, NC",2023,Single Family Residential,Place/City,False,NC,1.007776512,0.4%,-2.3%,876,8.6%,-14.5%,1208,3.6%,-14.7%,32,-1,11,$460K,2.2%,4.5%,875,11.9%,-25.9%
"Greensboro, NC metro area",2023,Single Family Residential,Metro,False,NC,1.007395511,1.6%,-2.8%,640,12.3%,-18.4%,1114,6.2%,-7.3%,26,-3,5,$300K,5.8%,6.7%,782,22.4%,-24.3%
"Winston-Salem, NC metro area",2023,Single Family Residential,Metro,False,NC,0.986086117,0.4%,0.1%,504,-17.8%,-19.1%,1210,-9.1%,-4.4%,37,6,0,$279K,-2.8%,2.2%,419,-27.9%,0.0%
"High Point, NC",2022,Single Family Residential,Place/City,False,NC,1.010480261,1.2%,1.3%,119,15.5%,22.7%,151,-10.7%,-15.6%,30,2,2,$250K,20.8%,17.9%,111,2.8%,-0.9%
"Durham, NC",2022,Single Family Residential,Place/City,False,NC,1.058277786,2.3%,2.9%,270,29.2%,-11.8%,332,11.0%,-14.7%,33,4,-2,$408K,-0.1%,19.5%,358,68.9%,4.7%
"Winston-Salem, NC",2022,Single Family Residential,Place/City,False,NC,1.026952926,-0.7%,0.9%,294,-27.8%,-19.7%,505,6.1%,5.4%,23,1,-2,$283K,-2.5%,20.7%,337,-11.3%,-16.6%
"Greensboro, NC metro area",2022,Single Family Residential,Metro,False,NC,1.011885267,0.1%,1.9%,625,-5.7%,-4.1%,912,-9.7%,-20.4%,26,-3,-4,$262K,7.8%,27.8%,636,1.9%,6.2%
"Charlotte, NC metro area",2022,Single Family Residential,Metro,False,NC,1.022656950,-0.9%,0.0%,4109,11.3%,-7.8%,6165,23.8%,3.2%,25,2,-6,$427K,2.0%,20.6%,4528,12.0%,0.3%
"Charlotte, NC",2022,Single Family Residential,Place/City,False,NC,1.048262046,1.5%,3.1%,941,1.6%,-8.9%,1021,14.5%,-30.8%,21,-3,-11,$424K,4.5%,21.4%,963,9.9%,-16.8%
"Wilmington, NC",2022,Single Family Residential,Place/City,False,NC,0.988769753,-0.8%,-0.8%,129,-14.0%,-3.7%,170,-7.1%,-54.2%,21,9,-29,$400K,-5.8%,10.3%,111,-11.2%,-14.0%
"Raleigh, NC",2023,Single Family Residential,Place/City,False,NC,1.007032506,0.8%,-6.0%,319,12.7%,-25.8%,558,-1.8%,6.3%,34,-8,12,$500K,9.9%,5.8%,305,-6.7%,-34.7%
"Raleigh, NC",2023,Single Family Residential,Place/City,False,NC,0.987712486,-0.9%,0.2%,225,1.4%,-11.4%,458,-23.5%,-36.7%,43,5,-5,$445K,-4.5%,-5.6%,216,-26.3%,-4.4%
"Raleigh, NC metro area",2023,Single Family Residential,Metro,False,NC,0.994788130,0.0%,0.3%,1256,-3.8%,-15.8%,3263,-1.0%,-25.5%,46,6,5,$465K,1.1%,2.2%,1410,-0.4%,2.2%
"Concord, NC",2022,Single Family Residential,Place/City,False,NC,1.033029249,0.6%,0.6%,168,-6.7%,-0.6%,161,5.2%,-17.9%,20,-4,-3,$393K,1.9%,18.6%,160,0.0%,-24.2%
"Wilmington, NC",2023,Single Family Residential,Place/City,False,NC,0.992646719,1.9%,-2.3%,122,38.6%,-6.9%,161,5.9%,34.2%,14,-24,-31,$439K,-5.7%,7.2%,149,34.2%,-16.8%
"Charlotte, NC",2023,Single Family Residential,Place/City,False,NC,1.001451844,1.1%,-4.7%,689,-14.5%,-26.8%,1264,-2.2%,23.8%,35,-8,14,$419K,1.6%,-1.1%,787,-15.8%,-18.3%
"Cary, NC",2023,Single Family Residential,Place/City,False,NC,1.005586587,0.2%,-0.3%,103,-15.6%,-12.7%,183,-3.7%,-31.2%,34,-3,-6,$690K,-4.2%,14.0%,94,-33.8%,-31.4%
"Wilmington, NC metro area",2023,Single Family Residential,Metro,False,NC,0.991040649,-0.4%,-1.7%,385,-17.2%,-16.8%,679,-0.1%,-9.3%,19,3,9,$450K,0.0%,7.1%,451,-5.8%,-14.6%
"Cary, NC",2023,Single Family Residential,Place/City,False,NC,1.002170779,0.7%,-9.7%,123,39.8%,10.8%,152,8.6%,-8.4%,40,-21,21,$665K,4.7%,-2.9%,128,60.0%,-30.1%
"Wilmington, NC",2022,Single Family Residential,Place/City,False,NC,1.020236112,0.6%,2.4%,143,-11.7%,-16.9%,153,29.7%,-68.1%,10,0,-41,$447K,3.5%,24.2%,184,5.1%,-8.0%
"Cary, NC",2023,Single Family Residential,Place/City,False,NC,1.023107936,0.6%,-8.8%,131,20.2%,-14.9%,170,3.0%,-23.8%,31,1,11,$750K,11.9%,2.0%,127,11.4%,-33.9%
"Charlotte, NC",2023,Single Family Residential,Place/City,False,NC,1.003527945,0.2%,-3.9%,807,17.1%,-19.0%,1166,-7.8%,4.3%,33,-2,12,$450K,7.4%,5.4%,782,-0.6%,-22.3%
"Greensboro, NC metro area",2022,Single Family Residential,Metro,False,NC,0.994509735,-0.5%,-1.4%,788,-1.4%,-16.7%,1397,0.1%,-7.6%,28,2,4,$290K,0.0%,16.0%,765,-5.8%,-22.0%
"Greensboro, NC",2023,Single Family Residential,Place/City,False,NC,0.978319563,-1.0%,-4.3%,132,-30.2%,-41.1%,316,-1.3%,12.9%,42,13,16,$256K,-7.9%,2.4%,158,69.9%,-26.9%
"High Point, NC",2023,Single Family Residential,Place/City,False,NC,0.986962632,-0.6%,-0.4%,125,21.4%,-8.8%,175,-5.4%,-28.9%,27,-3,3,$281K,2.1%,-6.5%,108,-6.1%,-21.2%
"Raleigh, NC metro area",2022,Single Family Residential,Metro,False,NC,1.029403122,0.3%,2.3%,1439,6.8%,-10.1%,2156,-0.1%,-34.8%,34,-2,-14,$415K,-1.2%,23.0%,1692,19.9%,-7.2%
"Durham, NC metro area",2022,Single Family Residential,Metro,False,NC,1.026541081,0.5%,2.2%,489,-3.0%,-9.6%,763,-0.8%,-36.0%,36,-3,-11,$426K,0.2%,29.1%,512,10.1%,-17.2%
"Wilmington, NC metro area",2023,Single Family Residential,Metro,False,NC,0.982197888,-0.1%,-0.3%,308,-14.0%,-21.0%,840,4.0%,15.2%,24,3,6,$435K,-3.3%,4.8%,362,-6.7%,7.7%
"Charlotte, NC metro area",2023,Single Family Residential,Metro,False,NC,0.993595815,-0.1%,-0.1%,2984,12.4%,-16.0%,5994,2.9%,-18.6%,37,0,3,$415K,-1.2%,0.5%,3237,7.0%,-10.9%
"Charlotte, NC",2022,Single Family Residential,Place/City,False,NC,1.042955607,-0.5%,1.5%,996,5.8%,-7.0%,1118,9.5%,-22.9%,21,0,-8,$427K,0.8%,18.1%,1006,4.5%,-6.4%
"Concord, NC",2022,Single Family Residential,Place/City,False,NC,1.008010599,-1.6%,-2.0%,144,-32.4%,-26.2%,302,44.5%,12.3%,27,6,2,$405K,2.5%,24.6%,212,10.4%,-10.9%
"Charlotte, NC metro area",2022,Single Family Residential,Metro,False,NC,0.994944010,-1.3%,-2.5%,3554,6.1%,-18.3%,7364,1.3%,17.1%,34,5,2,$413K,0.7%,16.3%,3633,-15.2%,-16.4%
"Cary, NC",2023,Single Family Residential,Place/City,False,NC,0.984063239,-0.6%,-7.2%,72,-23.4%,-33.3%,149,-13.9%,55.2%,70,21,38,$685K,-1.4%,18.9%,81,92.9%,-9.0%
"Charlotte, NC",2023,Single Family Residential,Place/City,False,NC,1.007474826,0.0%,-1.0%,651,-25.7%,-21.2%,1213,0.4%,-29.1%,32,0,7,$450K,-2.2%,5.9%,676,-22.7%,-36.6%
"Greensboro, NC",2023,Single Family Residential,Place/City,False,NC,1.005947355,-0.8%,0.0%,229,6.5%,-24.7%,346,7.8%,-11.7%,26,2,2,$292K,-3.7%,-1.0%,276,24.9%,-5.2%
"Greensboro, NC",2023,Single Family Residential,Place/City,False,NC,0.984039877,-1.7%,-0.5%,175,-7.4%,-11.6%,368,3.1%,-8.2%,26,-2,-1,$260K,-13.9%,-3.5%,216,-6.1%,-2.7%
"Raleigh, NC metro area",2023,Single Family Residential,Metro,False,NC,0.989127271,0.4%,-6.0%,1695,45.1%,-6.8%,3258,-4.2%,39.6%,59,-11,30,$435K,1.2%,-1.1%,1633,33.5%,-25.0%
"Wilmington, NC metro area",2023,Single Family Residential,Metro,False,NC,0.995100196,0.0%,-1.8%,465,2.0%,-8.3%,680,5.6%,0.4%,16,1,9,$450K,-2.2%,4.9%,479,-3.8%,-20.2%
"Wilmington, NC metro area",2022,Single Family Residential,Metro,False,NC,0.998602591,0.3%,1.4%,371,-31.8%,-5.6%,874,-11.4%,-44.8%,66,3,-8,$374K,5.2%,24.9%,372,18.8%,-17.9%
"Wilmington, NC metro area",2022,Single Family Residential,Metro,False,NC,0.991205862,-0.4%,-0.6%,350,-11.2%,-26.9%,746,1.2%,-48.1%,18,4,-37,$425K,5.0%,24.1%,389,0.8%,-23.0%
"Greensboro, NC metro area",2023,Single Family Residential,Metro,False,NC,0.971995558,-0.9%,-3.9%,450,-20.6%,-32.1%,1166,0.2%,15.4%,44,9,15,$260K,-6.4%,7.0%,525,53.1%,-15.9%
"Raleigh, NC",2022,Single Family Residential,Place/City,False,NC,0.991979726,-1.5%,-5.3%,324,-17.1%,-21.9%,785,5.2%,26.4%,39,4,5,$430K,-5.5%,4.9%,362,-18.5%,-21.6%
"Greensboro, NC",2022,Single Family Residential,Place/City,False,NC,0.989245854,-0.5%,-2.9%,198,-10.4%,-34.2%,401,3.6%,7.2%,27,1,2,$269K,-3.6%,6.1%,222,0.9%,-13.3%
"Cary, NC",2022,Single Family Residential,Place/City,False,NC,0.990660204,-0.7%,-6.3%,100,-8.3%,-47.4%,218,-8.8%,26.0%,47,5,11,$640K,-1.1%,13.3%,84,-20.0%,-13.4%
"Concord, NC",2022,Single Family Residential,Place/City,False,NC,0.983055494,0.3%,-3.7%,82,-13.7%,-46.4%,268,-6.9%,26.4%,54,12,26,$365K,0.7%,4.3%,85,-28.6%,-40.1%
"Durham, NC",2022,Single Family Residential,Place/City,False,NC,0.988211110,0.3%,-4.3%,196,3.2%,-38.4%,455,-15.1%,41.7%,45,3,10,$415K,1.2%,-0.1%,143,-18.3%,-22.7%
"Winston-Salem, NC metro area",2022,Single Family Residential,Metro,False,NC,1.019621322,0.9%,1.9%,770,44.5%,-5.5%,1146,13.1%,-15.0%,26,-4,-6,$272K,3.8%,20.5%,992,55.2%,6.0%
"Winston-Salem, NC metro area",2022,Single Family Residential,Metro,False,NC,1.022050626,-0.5%,0.5%,969,14.9%,-0.6%,1489,14.4%,7.4%,23,0,-4,$300K,1.9%,22.4%,1062,3.7%,2.6%
"Charlotte, NC metro area",2023,Single Family Residential,Metro,False,NC,0.980187922,0.7%,-3.2%,2109,19.1%,-26.1%,5657,-4.3%,60.0%,68,7,35,$381K,-3.5%,0.1%,2442,17.9%,-1.8%
"Raleigh, NC metro area",2023,Single Family Residential,Metro,False,NC,0.985154676,0.8%,-4.4%,1168,28.6%,-18.8%,3401,-7.2%,57.7%,70,-1,36,$430K,-3.4%,3.6%,1223,-3.5%,-27.7%
"Concord, NC",2023,Single Family Residential,Place/City,False,NC,0.982511518,1.0%,-4.0%,78,21.9%,-45.8%,212,-7.8%,68.3%,81,23,49,$337K,-13.9%,-8.9%,89,23.6%,-5.3%
"Greensboro, NC metro area",2022,Single Family Residential,Metro,False,NC,0.999368329,-1.5%,-1.9%,799,-0.6%,-12.3%,1395,-5.5%,-8.1%,26,4,2,$290K,-2.0%,16.0%,812,-12.8%,-28.0%
"High Point, NC",2023,Single Family Residential,Place/City,False,NC,1.010172519,1.6%,-2.0%,106,-25.9%,-35.8%,194,6.0%,-18.5%,26,-2,5,$305K,-4.6%,3.0%,132,10.9%,-38.6%
"Raleigh, NC",2023,Single Family Residential,Place/City,False,NC,0.999771835,-0.8%,-0.7%,324,5.5%,-17.1%,549,-0.2%,-26.4%,37,2,2,$460K,-10.2%,1.1%,307,1.3%,-30.9%
"Greensboro, NC metro area",2022,Single Family Residential,Metro,False,NC,1.035706274,0.6%,2.4%,784,4.1%,-8.1%,1202,15.2%,-5.7%,21,-2,-3,$281K,-3.5%,19.5%,1033,9.8%,6.3%
"Winston-Salem, NC metro area",2022,Single Family Residential,Metro,False,NC,0.999542014,-1.7%,-1.5%,876,11.5%,-8.4%,1523,-2.2%,0.1%,27,2,1,$290K,0.0%,16.0%,891,-2.1%,-16.3%
"Concord, NC",2022,Single Family Residential,Place/City,False,NC,0.988783387,-1.0%,-3.8%,161,-4.7%,-24.1%,271,-6.2%,23.7%,35,3,5,$375K,-8.6%,5.9%,127,-21.6%,-21.1%
"Charlotte, NC",2023,Single Family Residential,Place/City,False,NC,0.975314714,-0.4%,-3.8%,436,-20.3%,-38.6%,1305,-7.2%,53.5%,55,6,20,$396K,-0.9%,6.0%,508,34.7%,-13.2%
"Greensboro, NC",2022,Single Family Residential,Place/City,False,NC,1.025161188,0.3%,2.8%,212,-5.4%,-23.5%,240,-14.3%,-27.3%,22,-4,-6,$250K,0.0%,24.1%,225,4.2%,11.9%
"Greensboro, NC",2022,Single Family Residential,Place/City,False,NC,0.993827519,-0.5%,-2.6%,221,-17.8%,-29.4%,387,3.5%,-11.0%,26,2,3,$280K,-1.6%,14.3%,220,-4.8%,-29.5%
"Charlotte, NC",2023,Single Family Residential,Place/City,False,NC,0.992760743,0.1%,1.0%,572,-11.6%,-14.1%,1306,2.0%,-23.8%,36,-1,-4,$425K,3.7%,2.6%,689,-4.2%,-4.6%
"Wilmington, NC metro area",2022,Single Family Residential,Metro,False,NC,0.985576447,-0.6%,-1.0%,390,11.4%,-16.5%,729,-2.3%,-43.4%,18,0,-41,$415K,-2.4%,10.4%,336,-13.6%,-13.2%
"Durham, NC metro area",2022,Single Family Residential,Metro,False,NC,0.988845880,-0.6%,-4.2%,466,-5.5%,-34.7%,1333,-7.5%,22.0%,43,-3,8,$450K,6.7%,5.9%,366,-29.2%,-38.7%
"Greensboro, NC",2022,Single Family Residential,Place/City,False,NC,0.988709522,-0.1%,-1.9%,189,-4.5%,-32.0%,320,-20.2%,15.9%,29,2,3,$278K,3.2%,8.8%,93,-58.1%,-50.0%
"Charlotte, NC metro area",2022,Single Family Residential,Metro,False,NC,1.031587653,1.0%,1.8%,3512,-2.4%,-5.4%,4287,17.3%,-24.9%,25,-4,-8,$407K,3.9%,21.5%,3787,15.6%,-10.7%
"Wilmington, NC metro area",2023,Single Family Residential,Metro,False,NC,0.991652325,0.6%,-2.1%,367,18.8%,-26.7%,599,2.7%,49.0%,17,-15,-32,$435K,0.0%,13.0%,471,34.6%,-23.4%
"High Point, NC",2022,Single Family Residential,Place/City,False,NC,1.017698548,-1.3%,0.2%,146,-11.5%,-9.9%,257,8.0%,35.3%,22,1,-2,$271K,-8.8%,17.4%,167,-22.3%,-5.6%
"Cary, NC",2023,Single Family Residential,Place/City,False,NC,0.990825296,-1.4%,0.0%,88,-5.4%,-12.0%,108,-40.3%,-50.5%,41,5,-6,$653K,0.5%,2.0%,91,-9.9%,8.3%
"Winston-Salem, NC metro area",2022,Single Family Residential,Metro,False,NC,0.994366080,-0.5%,-1.8%,792,-9.6%,-15.7%,1530,0.5%,-2.2%,28,1,2,$275K,-5.2%,10.0%,811,-9.0%,-19.8%
"Greensboro, NC metro area",2022,Single Family Residential,Metro,False,NC,0.988056959,-0.5%,-1.7%,610,-2.9%,-26.7%,1379,-3.1%,3.8%,29,2,1,$270K,-5.1%,7.8%,601,-11.0%,-19.5%
"Winston-Salem, NC",2023,Single Family Residential,Place/City,False,NC,0.988918882,1.0%,-3.2%,183,25.3%,-5.7%,394,2.6%,22.4%,39,3,13,$256K,1.2%,7.2%,232,24.7%,-12.8%
"Greensboro, NC metro area",2022,Single Family Residential,Metro,False,NC,1.010783012,1.0%,2.1%,663,-24.5%,10.3%,1010,-6.2%,-23.7%,29,0,-4,$243K,-2.8%,10.5%,624,7.8%,-5.2%
"Winston-Salem, NC metro area",2022,Single Family Residential,Metro,False,NC,1.003132782,0.0%,1.1%,642,-27.9%,5.9%,1018,-7.6%,-28.4%,33,4,-3,$260K,0.0%,22.9%,588,3.0%,-15.5%
"Charlotte, NC metro area",2022,Single Family Residential,Metro,False,NC,1.012499322,0.6%,1.5%,2853,2.8%,4.7%,3535,-6.2%,-36.1%,33,-5,-10,$380K,2.8%,21.5%,2488,4.4%,-23.4%
"Cary, NC",2022,Single Family Residential,Place/City,False,NC,1.111583104,2.8%,5.9%,154,9.2%,-32.2%,223,21.2%,-25.7%,20,4,-15,$735K,8.1%,41.1%,192,12.3%,-10.7%
"Wilmington, NC",2023,Single Family Residential,Place/City,False,NC,0.994275536,0.2%,-2.4%,133,14.7%,-8.3%,192,9.1%,2.1%,11,-1,4,$485K,2.6%,1.6%,146,-2.0%,-24.7%
"Winston-Salem, NC metro area",2023,Single Family Residential,Metro,False,NC,1.000850495,0.9%,-2.6%,752,29.9%,-10.8%,1224,-7.1%,-6.0%,30,0,7,$296K,1.9%,0.4%,709,-3.3%,-30.8%
"Durham, NC metro area",2023,Single Family Residential,Metro,False,NC,1.015274870,0.9%,-6.7%,645,26.2%,-10.4%,1158,1.5%,14.4%,34,-7,10,$495K,2.4%,1.5%,646,9.9%,-20.7%
"Winston-Salem, NC metro area",2023,Single Family Residential,Metro,False,NC,1.002242740,0.1%,-2.0%,771,2.5%,-20.4%,1268,3.6%,-14.8%,29,-1,6,$292K,-1.1%,-2.6%,786,10.9%,-26.0%
"Winston-Salem, NC",2022,Single Family Residential,Place/City,False,NC,0.999919385,-0.3%,-1.7%,273,-12.8%,-23.1%,510,5.2%,3.9%,26,0,1,$258K,-8.4%,12.7%,300,-9.4%,-14.0%
"Cary, NC",2023,Single Family Residential,Place/City,False,NC,1.020414925,-0.3%,-4.6%,133,1.5%,-23.6%,183,7.6%,-27.1%,38,7,5,$745K,-0.7%,5.5%,152,19.7%,-27.3%
"Wilmington, NC",2022,Single Family Residential,Place/City,False,NC,0.987731962,-0.4%,-0.6%,110,-7.6%,-17.3%,186,1.6%,-44.3%,13,-8,-49,$442K,-4.1%,26.8%,98,-16.9%,-19.7%
"Raleigh, NC",2023,Single Family Residential,Place/City,False,NC,0.997117670,0.7%,0.9%,222,-2.6%,-20.7%,599,1.0%,-23.0%,38,2,-5,$466K,1.5%,8.4%,293,0.7%,-8.2%
"Greensboro, NC",2023,Single Family Residential,Place/City,False,NC,0.985382990,0.1%,-0.3%,197,12.6%,4.2%,334,-9.2%,4.4%,30,4,1,$281K,8.1%,1.1%,158,-26.9%,69.9%
"Wilmington, NC",2022,Single Family Residential,Place/City,False,NC,1.015869991,1.7%,2.7%,131,27.2%,-38.5%,120,-42.3%,-71.8%,45,-1,-24,$410K,0.0%,12.3%,179,57.0%,-13.9%
"Winston-Salem, NC metro area",2023,Single Family Residential,Metro,False,NC,0.982777468,0.5%,-2.8%,475,11.2%,-10.9%,1271,0.3%,25.5%,48,2,18,$270K,1.9%,2.9%,631,11.3%,-1.3%
"High Point, NC",2022,Single Family Residential,Place/City,False,NC,1.013947758,0.3%,2.0%,123,3.4%,-11.5%,172,13.9%,-5.0%,24,-6,-5,$263K,5.0%,32.9%,150,35.1%,1.4%
"Raleigh, NC",2023,Single Family Residential,Place/City,False,NC,0.999412862,0.7%,-8.5%,283,-12.9%,-28.5%,568,3.8%,17.4%,42,-5,21,$455K,7.7%,-6.2%,327,-2.7%,-35.9%
"Durham, NC",2023,Single Family Residential,Place/City,False,NC,1.015203477,0.4%,-2.4%,198,-27.2%,-28.5%,415,1.0%,-24.5%,35,-2,9,$450K,1.1%,3.4%,231,-2.5%,-32.1%
"Charlotte, NC metro area",2022,Single Family Residential,Metro,False,NC,1.031431115,0.0%,1.1%,3691,5.1%,-3.3%,4981,16.2%,-15.1%,23,-2,-8,$419K,2.9%,20.8%,4042,6.7%,-4.1%
"Greensboro, NC metro area",2023,Single Family Residential,Metro,False,NC,0.991532965,0.5%,-3.8%,570,-11.5%,-24.3%,1049,1.9%,0.6%,29,-5,6,$283K,4.8%,-2.7%,639,-3.6%,-32.1%
"Greensboro, NC metro area",2023,Single Family Residential,Metro,False,NC,0.990320352,-0.5%,-0.4%,603,-10.1%,-23.5%,1198,5.6%,-14.2%,28,0,0,$283K,-4.1%,-2.4%,679,-10.1%,-11.2%
"Charlotte, NC",2022,Single Family Residential,Place/City,False,NC,1.022917923,0.9%,2.1%,707,-0.4%,1.3%,821,-3.4%,-40.8%,30,-5,-5,$385K,2.9%,21.2%,674,15.2%,-26.5%
"Cary, NC",2023,Single Family Residential,Place/City,False,NC,1.005295321,0.0%,0.8%,93,-9.7%,-14.7%,181,-1.1%,-24.3%,36,2,-6,$650K,-5.8%,0.5%,101,7.4%,-3.8%
"Raleigh, NC metro area",2022,Single Family Residential,Metro,False,NC,1.004677478,-1.6%,-4.1%,1976,8.0%,-13.0%,4284,3.9%,30.9%,34,4,0,$465K,-2.2%,18.9%,2130,-6.5%,-2.7%
"Winston-Salem, NC metro area",2022,Single Family Residential,Metro,False,NC,0.994625868,0.0%,-1.4%,707,-10.7%,-16.0%,1521,-0.6%,-0.7%,29,1,1,$301K,9.5%,20.4%,701,-13.6%,-24.0%
"Wilmington, NC metro area",2023,Single Family Residential,Metro,False,NC,0.997158648,0.6%,-1.7%,381,3.8%,-28.0%,590,-1.5%,32.6%,13,-4,4,$430K,-1.2%,6.1%,450,-4.5%,-24.4%
"Raleigh, NC metro area",2023,Single Family Residential,Metro,False,NC,0.995163934,-0.1%,0.0%,1306,-17.2%,-23.0%,3296,1.9%,-27.8%,40,-2,2,$460K,-2.1%,2.0%,1416,-15.1%,-23.2%
"Greensboro, NC",2022,Single Family Residential,Place/City,False,NC,1.021687857,1.4%,2.5%,224,-19.4%,3.2%,280,1.4%,-29.6%,26,0,-2,$250K,-2.2%,13.1%,216,16.1%,-10.7%
"Wilmington, NC metro area",2023,Single Family Residential,Metro,False,NC,0.994624640,-0.3%,-2.4%,456,19.7%,-14.1%,644,9.2%,18.4%,15,2,7,$460K,7.0%,12.2%,498,10.7%,-19.5%
"Raleigh, NC",2022,Single Family Residential,Place/City,False,NC,0.986114073,-0.2%,-4.9%,254,-9.3%,-40.4%,723,-7.1%,41.2%,48,5,13,$471K,9.6%,11.2%,226,-29.2%,-31.5%
"Cary, NC",2022,Single Family Residential,Place/City,False,NC,0.990397042,0.0%,-6.6%,94,-6.0%,-40.5%,173,-20.6%,43.0%,49,2,11,$695K,8.5%,15.8%,42,-50.0%,-54.8%
"Wilmington, NC metro area",2022,Single Family Residential,Metro,False,NC,1.003882132,0.5%,1.6%,369,-0.5%,-15.6%,766,-12.4%,-51.9%,58,-8,-23,$394K,5.5%,24.0%,438,17.7%,-9.3%
"Greensboro, NC metro area",2022,Single Family Residential,Metro,False,NC,0.993222464,-0.1%,-1.3%,628,-20.3%,-27.5%,1423,1.9%,-5.0%,27,-1,1,$285K,-1.9%,16.1%,675,-11.8%,-28.4%
"Raleigh, NC metro area",2022,Single Family Residential,Metro,False,NC,1.054339952,-0.4%,1.8%,1992,7.4%,-8.8%,3320,18.7%,2.2%,27,2,-9,$465K,1.1%,22.4%,2651,6.3%,27.8%
"Durham, NC metro area",2022,Single Family Residential,Metro,False,NC,0.995023966,-1.1%,-3.3%,493,-12.7%,-25.5%,1441,-1.7%,22.0%,46,10,11,$422K,-0.8%,-1.2%,517,-9.6%,-21.5%
"Greensboro, NC metro area",2022,Single Family Residential,Metro,False,NC,0.980567283,-0.7%,-2.0%,567,-7.0%,-35.4%,1164,-15.6%,8.1%,35,6,6,$278K,2.9%,11.1%,343,-42.9%,-40.8%
"Winston-Salem, NC metro area",2023,Single Family Residential,Metro,False,NC,0.990964795,0.8%,-2.9%,722,52.0%,-6.2%,1340,5.4%,16.9%,35,-13,9,$280K,3.7%,2.8%,842,33.4%,-15.1%
"Durham, NC metro area",2023,Single Family Residential,Metro,False,NC,1.000003895,1.2%,-4.7%,552,37.0%,-11.0%,1153,2.4%,38.7%,48,-20,15,$440K,8.0%,-0.1%,664,54.4%,-15.7%
"Winston-Salem, NC metro area",2023,Single Family Residential,Metro,False,NC,0.991400978,-0.1%,-0.3%,631,3.1%,-10.7%,1361,-0.5%,-10.5%,30,-1,1,$287K,-4.3%,-4.7%,712,-5.4%,1.6%
"Winston-Salem, NC metro area",2023,Single Family Residential,Metro,False,NC,0.981862076,-1.0%,-0.1%,613,-2.9%,-2.1%,1331,-2.2%,-4.6%,31,1,-3,$288K,0.2%,4.5%,581,-18.4%,2.1%
"Concord, NC",2022,Single Family Residential,Place/City,False,NC,1.031645585,0.9%,1.4%,165,14.6%,9.3%,127,0.8%,-21.6%,31,-1,-4,$376K,1.6%,23.3%,142,51.1%,-11.3%
"Concord, NC",2023,Single Family Residential,Place/City,False,NC,0.995248616,-0.6%,-1.3%,100,-27.0%,-30.6%,169,-4.5%,-44.0%,32,-10,5,$383K,-2.5%,-5.6%,102,-26.1%,-51.9%
"Raleigh, NC",2023,Single Family Residential,Place/City,False,NC,1.007315997,-0.5%,-2.4%,307,-3.2%,-5.8%,550,-4.8%,-26.5%,35,-2,3,$512K,-0.6%,4.9%,303,-16.1%,-34.3%
"Durham, NC metro area",2022,Single Family Residential,Metro,False,NC,1.060339584,-2.1%,0.5%,736,2.2%,-21.8%,1152,13.8%,-6.5%,27,3,-7,$500K,2.5%,20.5%,935,14.7%,8.0%
"Raleigh, NC metro area",2022,Single Family Residential,Metro,False,NC,0.984371757,-0.2%,-4.4%,1377,2.9%,-29.5%,3766,-10.2%,56.1%,55,5,19,$455K,-3.0%,9.8%,827,-26.7%,-36.7%
"Raleigh, NC metro area",2023,Single Family Residential,Metro,False,NC,1.001801554,0.8%,-5.3%,1660,10.9%,-16.7%,3244,-0.1%,-2.3%,43,-6,16,$475K,5.0%,2.2%,1603,2.5%,-39.5%
"Cary, NC",2022,Single Family Residential,Place/City,False,NC,1.027550242,-3.9%,-5.2%,146,-16.1%,-38.9%,285,13.5%,1.1%,33,0,1,$691K,-2.2%,17.0%,165,-21.1%,-24.0%
"Winston-Salem, NC",2023,Single Family Residential,Place/City,False,NC,0.993905437,0.2%,-3.7%,224,-5.5%,-31.7%,395,-7.1%,-3.4%,27,-8,5,$288K,7.3%,5.8%,250,-17.2%,-35.2%
"Charlotte, NC metro area",2023,Single Family Residential,Metro,False,NC,0.998033873,0.3%,-2.5%,3316,7.0%,-19.3%,5771,1.7%,-6.4%,36,-3,11,$424K,2.2%,-0.7%,3348,3.5%,-26.1%
"Greensboro, NC",2022,Single Family Residential,Place/City,False,NC,1.035083863,-1.3%,0.5%,319,23.2%,-10.4%,418,9.4%,-2.3%,18,-1,-3,$293K,-2.0%,14.9%,371,-1.3%,-16.4%
"High Point, NC",2023,Single Family Residential,Place/City,False,NC,0.993692074,1.7%,-3.3%,143,33.6%,-2.1%,183,-10.3%,-6.2%,28,-6,10,$320K,21.2%,22.4%,119,-4.0%,-36.4%
"Wilmington, NC",2023,Single Family Residential,Place/City,False,NC,0.992221231,-0.8%,-2.8%,116,8.4%,-18.9%,176,12.1%,15.0%,12,2,2,$473K,10.2%,5.7%,149,24.2%,-19.0%
"Winston-Salem, NC",2023,Single Family Residential,Place/City,False,NC,0.999740741,0.2%,0.0%,195,-24.1%,-28.6%,406,6.8%,-20.4%,26,-3,0,$285K,2.3%,10.7%,256,-4.5%,-14.7%
"Charlotte, NC",2022,Single Family Residential,Place/City,False,NC,0.987418170,-0.9%,-3.6%,823,-3.7%,-21.2%,1702,-1.6%,11.6%,36,2,3,$400K,-2.0%,11.0%,785,-15.3%,-27.2%
"Winston-Salem, NC",2023,Single Family Residential,Place/City,False,NC,1.002445859,0.9%,-3.4%,283,26.3%,-19.1%,374,-5.3%,-12.4%,26,-1,4,$290K,0.9%,0.9%,279,11.6%,-30.1%
"Wilmington, NC metro area",2022,Single Family Residential,Metro,False,NC,1.014525240,0.2%,1.6%,529,5.6%,-4.7%,445,10.7%,-72.5%,9,-40,-48,$405K,5.2%,24.2%,595,-3.3%,-10.0%
"Greensboro, NC metro area",2022,Single Family Residential,Metro,False,NC,1.014260629,-1.2%,-0.5%,804,-11.3%,-14.9%,1476,8.0%,7.6%,22,1,-3,$296K,0.3%,20.8%,931,-14.3%,-9.9%
"Charlotte, NC metro area",2023,Single Family Residential,Metro,False,NC,0.983530457,-0.4%,0.3%,2225,-9.1%,-10.9%,6266,-1.8%,-10.6%,43,0,-5,$400K,-0.5%,-1.2%,2345,-17.6%,2.7%
"High Point, NC",2023,Single Family Residential,Place/City,False,NC,0.993000655,-1.7%,-2.5%,103,-2.8%,-29.5%,185,-4.6%,-28.0%,30,4,8,$275K,-10.0%,1.6%,115,-12.9%,-31.1%
"Concord, NC",2023,Single Family Residential,Place/City,False,NC,0.981755986,-0.2%,-0.7%,82,-13.7%,-49.1%,201,6.3%,-25.8%,39,1,4,$347K,-18.1%,-7.5%,105,-5.4%,-17.3%
"Wilmington, NC metro area",2022,Single Family Residential,Metro,False,NC,1.012469779,0.9%,1.9%,501,35.8%,-23.0%,402,-47.5%,-73.8%,49,-9,-21,$385K,-2.3%,13.2%,615,40.4%,-2.4%
